"X","Unnamed..0","interaction_name","pathway_name","ligand","receptor","agonist","antagonist","co_A_receptor","co_I_receptor","evidence","annotation","interaction_name_2","is_neurotransmitter","ligand.symbol","ligand.family","ligand.location","ligand.keyword","ligand.secreted_type","ligand.transmembrane","receptor.symbol","receptor.family","receptor.location","receptor.keyword","receptor.surfaceome_main","receptor.surfaceome_sub","receptor.adhesome","receptor.secreted_type","receptor.transmembrane","version"
819,"TNFSF11_TNFRSF11A","TNFSF11_TNFRSF11A","RANKL","TNFSF11","TNFRSF11A","","","","","KEGG: hsa04060","Secreted Signaling","TNFSF11 - TNFRSF11A","False","TNFSF11","Tumor necrosis factor","[Tumor necrosis factor ligand superfamily member 11, Cytoplasm, Cell membrane, Soluble form]: Secreted","Membrane, Secreted, Differentiation, Transmembrane, Signal-anchor, Osteopetrosis, Receptor, Cytoplasm, Alternative splicing, Cytokine, Glycoprotein, Disease variant, Developmental protein, Reference proteome, Cell membrane, Transmembrane helix, 3D-structure","cytokine","True","TNFRSF11A","","Cell membrane","Membrane, Disulfide bond, Transmembrane, Osteopetrosis, Receptor, Alternative splicing, Deafness, Glycoprotein, Disease variant, Signal, Sodium, Reference proteome, Metal-binding, Transmembrane helix, Phosphoprotein, Cell membrane, 3D-structure, Repeat","Receptors","Other_receptors;TNFNGF","","","True","CellChatDB v1"
820,"TNFSF11_TNFRSF11B","TNFSF11_TNFRSF11B","RANKL","TNFSF11","TNFRSF11B","","","","","KEGG: hsa04060","Secreted Signaling","TNFSF11 - TNFRSF11B","False","TNFSF11","Tumor necrosis factor","[Tumor necrosis factor ligand superfamily member 11, Cytoplasm, Cell membrane, Soluble form]: Secreted","Membrane, Secreted, Differentiation, Transmembrane, Signal-anchor, Osteopetrosis, Receptor, Cytoplasm, Alternative splicing, Cytokine, Glycoprotein, Disease variant, Developmental protein, Reference proteome, Cell membrane, Transmembrane helix, 3D-structure","cytokine","True","TNFRSF11B","","Secreted","Disease variant, Signal, Reference proteome, Disulfide bond, Secreted, Apoptosis, Direct protein sequencing, Receptor, Repeat, 3D-structure, Glycoprotein","","","","secreted","False","CellChatDB v1"
3239,"TGFB1_TGFBR2_ACVRL1","TGFB1_TGFBR2_ACVRL1","TGFb","TGFB1","TGFBR2","TGFb agonist","TGFb antagonist","","TGFb inhibition receptor","PMID: 20587022","Secreted Signaling","TGFB1 - (TGFBR2+ACVRL1)","False","TGFB1","TGF-beta","Extracellular matrix, Secreted, Extracellular space","Disease variant, Signal, Reference proteome, Extracellular matrix, Disulfide bond, Secreted, Mitogen, Growth factor, Direct protein sequencing, Cleavage on pair of basic residues, 3D-structure, Glycoprotein","growth factor","False","ACVRL1, TGFBR2","Protein kinase superfamily, TKL Ser/Thr protein kinase","Cell membrane, Secreted, Membrane raft, Cell surface, Cell junction, Tight junction","Membrane, Secreted, Disulfide bond, Kinase, Transmembrane, Differentiation, ATP-binding, Receptor, Alternative splicing, Aortic aneurysm, Transferase, Glycoprotein, Manganese, Disease variant, Growth regulation, Signal, Reference proteome, Metal-binding, Transmembrane helix, Hereditary nonpolyposis colorectal cancer, Cell membrane, Phosphoprotein, Direct protein sequencing, Apoptosis, Craniosynostosis, Serine/threonine-protein kinase, 3D-structure, Nucleotide-binding, Magnesium, Tight junction, Isopeptide bond, Cell junction, Ubl conjugation","Receptors","Act.TGFB;Kinase","","","True","CellChatDB v1"
3240,"JAG1_NOTCH4","JAG1_NOTCH4","NOTCH","JAG1","NOTCH4","","","","","PMID: 32593969","Secreted Signaling","JAG1 - NOTCH4","False","JAG1","Jagged","Extracellular matrix, Secreted, Extracellular space","","","","NOTCH4","","","","Receptors","NOTCH4","","","True","CellChatDB v1"
3241,"IGFBP7_CD93","IGFBP7_CD93","IGFBP","IGFBP7","CD93","","","","","PMID: 37568781; 37333140","Secreted Signaling","IGFBP7 - CD93","False","IGFBP7","Insulin like growth factor binding protein family","Extracellular matrix, Secreted, Extracellular space","","","","CD93","","","","Receptors","CD93","","","True","CellChatDB v1"
3242,"IL6_IL6R","IL6_IL6R","IL6","IL6","IL6R","","","","","PMID: 12829785","Secreted Signaling","IL6 - IL6R","False","IL6","","","","","","IL6R","","","","Receptors","IL6R","","","True","CellChatDB v1"
3243,"IL1B_IL1R1","IL1B_IL1R1","IL1B","IL1B","IL1R1","","","","","PMID: 9062193","Secreted Signaling","IL1B - IL1R1","False","IL1B","","","","","","IL1R1","","","","Receptors","IL1R1","","","True","CellChatDB custom"
3244,"IL11_IL11RA","IL11_IL11RA","IL11","IL11","IL11RA","","","","","PMID: 10948192","Secreted Signaling","IL11 - IL11RA","False","IL11","","","","","","IL11RA","","","","Receptors","IL11RA","","","True","CellChatDB custom"
3245,"IL6_IL6ST","IL6_IL6ST","IL6","IL6","IL6ST","","","","","PMID: 14557255","Secreted Signaling","IL6 - IL6ST","False","IL6","","","","","","IL6ST","","","","Receptors","IL6ST","","","True","CellChatDB custom"
3246,"IL11_IL6ST","IL11_IL6ST","IL11","IL11","IL6ST","","","","","PMID: 10948192","Secreted Signaling","IL11 - IL6ST","False","IL11","","","","","","IL6ST","","","","Receptors","IL6ST","","","True","CellChatDB custom"
3247,"LIF_IL6ST","LIF_IL6ST","LIF","LIF","IL6ST","","","","","PMID: 9716487","Secreted Signaling","LIF - IL6ST","False","LIF","","","","","","IL6ST","","","","Receptors","IL6ST","","","True","CellChatDB custom"
3248,"FBN1_ITGA5_ITGB1","FBN1_ITGA5_ITGB1","FBN1","FBN1","ITGA5_ITGB1","","","","","PMID: ","Secreted Signaling","FBN1 - (ITGA5+ITGB1)","False","FBN1","","","","","True","ITGA5, ITGB1","","","","Receptors","ITGA5_ITGB1","","","True","CellChatDB custom"
3249,"WNT5A_MCAM","WNT5A_MCAM","WNT5A","WNT5A","MCAM","","","","","PMID: 24335906","Secreted Signaling","WNT5A - MCAM","False","WNT5A","","","","","","MCAM","","","","Receptors","MCAM","","","True","CellChatDB custom"
3250,"IL6_IL6R","IL6_IL6R","IL6","IL6","IL6R","","","","","PMID: 12829785","Secreted Signaling","IL6 - IL6R","False","IL6","","","","","","IL6R","","","","Receptors","IL6R","","","True","CellChatDB custom"
3251,"SERPINE1_PLAUR","SERPINE1_PLAUR","SERPINE1","SERPINE1","PLAUR","","","","","PMID: 10896774","Secreted Signaling","SERPINE1 - PLAUR","False","SERPINE1","","","","","","PLAUR","","","","Receptors","PLAUR","","","True","CellChatDB custom"
3252,"COL14A1_CD44","COL14A1_CD44","COL14A1","COL14A1","CD44","","","","","PMID: 8986622","Secreted Signaling","COL14A1 - CD44","False","COL14A1","","","","","","CD44","","","","Receptors","CD44","","","True","CellChatDB custom"
3253,"COL1A1_CD44","COL1A1_CD44","COL1A1","COL1A1","CD44","","","","","PMID: 1730778","Secreted Signaling","COL1A1 - CD44","False","COL1A1","","","","","","CD44","","","","Receptors","CD44","","","True","CellChatDB custom"
3254,"SERPINE1_LRP2","SERPINE1_LRP2","SERPINE1","SERPINE1","LRP2","","","","","PMID: 10948192","Secreted Signaling","SERPINE1 - LRP2","False","SERPINE1","","","","","","LRP2","","","","Receptors","LRP2","","","True","CellChatDB custom"
3257,"PVRL2_TIGIT","PVRL2_TIGIT","PVRL2","PVRL2","TIGIT","","","","","PMID: ","Secreted Signaling","PVRL2 - TIGIT","False","PVRL2","","","","","","TIGIT","","","","Receptors","TIGIT","","","True","CellChatDB custom"
3258,"PLAU_PLAUR","PLAU_PLAUR","PLAU","PLAU","PLAUR","","","","","PMID: 16456079","Secreted Signaling","PLAU - PLAUR","False","PLAU","","","","","","PLAUR","","","","Receptors","PLAUR","","","True","CellChatDB custom"
3259,"PLAU_ITGA5_ITGB1","PLAU_ITGA5_ITGB1","PLAU","PLAU","ITGA5_ITGB1","","","","","PMID: 32196115","Secreted Signaling","PLAU - (ITGA5+ITGB1)","False","PLAU","","","","","True","ITGA5, ITGB1","","","","Receptors","ITGA5_ITGB1","","","True","CellChatDB custom"
3260,"PRG4_CD44","PRG4_CD44","PRG4","PRG4","CD44","","","","","PMID: 30157934","Secreted Signaling","PRG4 - CD44","False","PRG4","","","","","","CD44","","","","Receptors","CD44","","","True","CellChatDB custom"
3261,"CXCL1_CXCR1","CXCL1_CXCR1","CXCL1","CXCL1","CXCR1","","","","","PMID: 20044480","Secreted Signaling","CXCL1 - CXCR1","False","CXCL1","","","","","","CXCR1","","","","Receptors","CXCR1","","","True","CellChatDB custom"
3262,"CXCL2_CXCR1","CXCL2_CXCR1","CXCL2","CXCL2","CXCR1","","","","","PMID: 20044480","Secreted Signaling","CXCL2 - CXCR1","False","CXCL2","","","","","","CXCR1","","","","Receptors","CXCR1","","","True","CellChatDB custom"
3263,"CXCL6_CXCR1","CXCL6_CXCR1","CXCL6","CXCL6","CXCR1","","","","","PMID: 10699158","Secreted Signaling","CXCL6 - CXCR1","False","CXCL6","","","","","","CXCR1","","","","Receptors","CXCR1","","","True","CellChatDB custom"
716,"MIF_CD74_CXCR4","MIF_CD74_CXCR4","MIF","MIF","CD74_CXCR4","","","","","PMID: 29637711; PMID: 24760155","Secreted Signaling","MIF - (CD74+CXCR4)","False","MIF","MIF","Cytoplasm, Secreted","Immunity, Reference proteome, Innate immunity, Secreted, Direct protein sequencing, Cytoplasm, 3D-structure, Isomerase, Inflammatory response, Cytokine, Acetylation","","","CD74, CXCR4","G-protein coupled receptor 1","Golgi apparatus, Cell membrane, Endoplasmic reticulum membrane, trans-Golgi network, Lysosome, Endosome, Late endosome, Early endosome, Cell junction","Immunity, Membrane, Alternative initiation, Disulfide bond, Transmembrane, Signal-anchor, Alternative splicing, Adaptive immunity, Endoplasmic reticulum, Glycoprotein, Chaperone, Lysosome, Reference proteome, Cell membrane, Transmembrane helix, Phosphoprotein, Direct protein sequencing, Golgi apparatus, 3D-structure, Endosome, Proteoglycan, Host-virus interaction, Host cell receptor for virus entry, Receptor, Disease variant, Transducer, Sulfation, G-protein coupled receptor, Isopeptide bond, Cell junction, Ubl conjugation","Unclassified, Receptors","Unclassified, GPCR;Rhodopsin","","","True","CellChatDB v1"
717,"MIF_CD74_CD44","MIF_CD74_CD44","MIF","MIF","CD74_CD44","","","","","PMID: 29637711; PMID: 26175090","Secreted Signaling","MIF - (CD74+CD44)","False","MIF","MIF","Cytoplasm, Secreted","Immunity, Reference proteome, Innate immunity, Secreted, Direct protein sequencing, Cytoplasm, 3D-structure, Isomerase, Inflammatory response, Cytokine, Acetylation","","","CD44, CD74","","Cell membrane, Microvillus, Cell projection, Golgi apparatus, Endoplasmic reticulum membrane, trans-Golgi network, Lysosome, Endosome","Membrane, Disulfide bond, Transmembrane, Receptor, Alternative splicing, Blood group antigen, Glycoprotein, Cell projection, Signal, Reference proteome, Cell membrane, Transmembrane helix, Phosphoprotein, Direct protein sequencing, 3D-structure, Cell adhesion, Proteoglycan, Immunity, Alternative initiation, Signal-anchor, Adaptive immunity, Endoplasmic reticulum, Chaperone, Lysosome, Golgi apparatus, Endosome","Unclassified","Unclassified","","","True","CellChatDB v1"
718,"MIF_CD74_CXCR2","MIF_CD74_CXCR2","MIF","MIF","CD74_CXCR2","","","","","PMID: 29637711; PMID: 26175090","Secreted Signaling","MIF - (CD74+CXCR2)","False","MIF","MIF","Cytoplasm, Secreted","Immunity, Reference proteome, Innate immunity, Secreted, Direct protein sequencing, Cytoplasm, 3D-structure, Isomerase, Inflammatory response, Cytokine, Acetylation","","","CXCR2, CD74","G-protein coupled receptor 1","Cell membrane, Golgi apparatus, Endoplasmic reticulum membrane, trans-Golgi network, Lysosome, Endosome","Transducer, Membrane, Reference proteome, Cell membrane, Transmembrane helix, Disulfide bond, Phosphoprotein, Transmembrane, Receptor, Chemotaxis, G-protein coupled receptor, 3D-structure, Glycoprotein, Immunity, Alternative initiation, Signal-anchor, Alternative splicing, Adaptive immunity, Endoplasmic reticulum, Chaperone, Lysosome, Direct protein sequencing, Golgi apparatus, Endosome, Proteoglycan","Unclassified, Receptors","Unclassified, GPCR;Rhodopsin","","","True","CellChatDB v1"
848,"NAMPT_ITGA5_ITGB1","NAMPT_ITGA5_ITGB1","VISFATIN","NAMPT","ITGA5_ITGB1","","","","","PMID: 28490838","Secreted Signaling","NAMPT - (ITGA5+ITGB1)","False","NAMPT","NAPRTase","Cytoplasm, Secreted, Nucleus","Glycosyltransferase, Reference proteome, Biological rhythms, Pyridine nucleotide biosynthesis, Nucleus, Phosphoprotein, Secreted, Cytoplasm, 3D-structure, Transferase, Cytokine, Acetylation","","","ITGA5, ITGB1","Integrin alpha chain, Integrin beta chain","Focal adhesion, Cell surface, Membrane, Cell junction, Ruffle membrane, Melanosome, Ruffle, Cell projection, Cleavage furrow, Recycling endosome, Invadopodium membrane, Lamellipodium, Cell membrane","Membrane, Host-virus interaction, Disulfide bond, Transmembrane, Host cell receptor for virus entry, Receptor, Glycoprotein, Signal, Reference proteome, Integrin, Metal-binding, Transmembrane helix, Phosphoprotein, Direct protein sequencing, Calcium, Cleavage on pair of basic residues, 3D-structure, Cell junction, Cell adhesion, Repeat, Endosome, Magnesium, Alternative splicing, Cell projection, Cell membrane, Acetylation, Isopeptide bond, Myogenesis, Ubl conjugation","Receptors","Integrin;Other_receptors","Adhesion receptor","","True","CellChatDB v1"
750,"LIF_LIFR_IL6ST","LIF_LIFR_IL6ST","LIFR","LIF","LIFR_IL6ST","","","","","KEGG: hsa04060","Secreted Signaling","LIF - (LIFR+IL6ST)","False","LIF","LIF/OSM","Secreted","Signal, Reference proteome, Pharmaceutical, Disulfide bond, Secreted, Growth factor, Direct protein sequencing, Alternative splicing, 3D-structure, Cytokine, Glycoprotein","cytokine;growth factor","False","IL6ST, LIFR","Type I cytokine receptor","Cell membrane, Secreted","Membrane, Host-virus interaction, Disulfide bond, Secreted, Transmembrane, Receptor, Alternative splicing, Glycoprotein, Disease variant, Signal, Reference proteome, Immunoglobulin domain, Cell membrane, Transmembrane helix, Phosphoprotein, Direct protein sequencing, 3D-structure, Repeat, Chromosomal rearrangement","Receptors","CytokineR;IG;Type1","","cytokine","True","CellChatDB v1"
1979,"IGFBP3_TMEM219","IGFBP3_TMEM219","IGFBP","IGFBP3","TMEM219","","","","","PMID:20353938","Secreted Signaling","IGFBP3 - TMEM219","False","IGFBP3","","Secreted","Signal, Reference proteome, Disulfide bond, Secreted, Phosphoprotein, Growth factor binding, Apoptosis, Direct protein sequencing, Alternative splicing, 3D-structure, Glycoprotein","secreted","False","TMEM219","","Cell membrane","Membrane, Signal, Reference proteome, Cell membrane, Transmembrane helix, Transmembrane, Apoptosis, Receptor, Glycoprotein","Unclassified","Unclassified","","","True","CellChatDB v2"
502,"HBEGF_EGFR","HBEGF_EGFR","EGF","HBEGF","EGFR","","","","","KEGG: hsa04012","Secreted Signaling","HBEGF - EGFR","False","HBEGF","EGF","Secreted, Extracellular space","Membrane, Signal, Reference proteome, Cell membrane, Transmembrane helix, Disulfide bond, Secreted, Transmembrane, Growth factor, Direct protein sequencing, 3D-structure, Receptor, EGF-like domain, Heparin-binding, Glycoprotein","growth factor","True","EGFR","Protein kinase superfamily, Tyr protein kinase","Cell membrane, Nucleus, Endosome membrane, Nucleus membrane, Endosome, Golgi apparatus membrane, Endoplasmic reticulum membrane","Host-virus interaction, Secreted, Kinase, ATP-binding, Receptor, Tyrosine-protein kinase, Methylation, Endoplasmic reticulum, Glycoprotein, Disease variant, Developmental protein, Lipoprotein, Cell membrane, Transmembrane helix, Direct protein sequencing, Golgi apparatus, Isopeptide bond, Hydroxylation, Palmitate, Ubl conjugation, Membrane, Disulfide bond, Transmembrane, Host cell receptor for virus entry, Alternative splicing, Transferase, Signal, Reference proteome, Proto-oncogene, Nucleus, Phosphoprotein, 3D-structure, Nucleotide-binding, Endosome, Repeat","Receptors","EGFR;Kinase","","secreted","True","CellChatDB v1"
1108,"GRN_SORT1","GRN_SORT1","GRN","GRN","SORT1","","","","","PMID: 29555433","Secreted Signaling","GRN - SORT1","False","GRN","Granulin","Secreted, Lysosome","Lysosome, Signal, Reference proteome, Neurodegeneration, Neuronal ceroid lipofuscinosis, Disulfide bond, Secreted, Direct protein sequencing, Alternative splicing, Repeat, 3D-structure, Cytokine, Glycoprotein","","","SORT1","VPS10-related sortilin","Golgi apparatus, Golgi stack membrane, Lysosome membrane, Cell membrane, Nucleus membrane, Endosome membrane, Endoplasmic reticulum membrane","Membrane, Disulfide bond, Differentiation, Transmembrane, Receptor, Alternative splicing, Endoplasmic reticulum, Glycoprotein, Lysosome, Endocytosis, Developmental protein, Signal, Reference proteome, Lipoprotein, Cell membrane, Transmembrane helix, Nucleus, Phosphoprotein, Transport, Direct protein sequencing, Golgi apparatus, Cleavage on pair of basic residues, Osteogenesis, 3D-structure, Palmitate, Endosome, Repeat","Receptors","Other_receptors;VPS10R","","","True","CellChatDB v1"
855,"ANGPTL4_ITGA5_ITGB1","ANGPTL4_ITGA5_ITGB1","ANGPTL","ANGPTL4","ITGA5_ITGB1","","","","","PMID: 30049845","Secreted Signaling","ANGPTL4 - (ITGA5+ITGB1)","False","ANGPTL4","","Extracellular matrix, Secreted, Extracellular space","Coiled coil, Signal, Reference proteome, Extracellular matrix, Disulfide bond, Secreted, Lipid metabolism, Direct protein sequencing, Angiogenesis, Alternative splicing, 3D-structure, Glycoprotein","","","ITGA5, ITGB1","Integrin alpha chain, Integrin beta chain","Focal adhesion, Cell surface, Membrane, Cell junction, Ruffle membrane, Melanosome, Ruffle, Cell projection, Cleavage furrow, Recycling endosome, Invadopodium membrane, Lamellipodium, Cell membrane","Membrane, Host-virus interaction, Disulfide bond, Transmembrane, Host cell receptor for virus entry, Receptor, Glycoprotein, Signal, Reference proteome, Integrin, Metal-binding, Transmembrane helix, Phosphoprotein, Direct protein sequencing, Calcium, Cleavage on pair of basic residues, 3D-structure, Cell junction, Cell adhesion, Repeat, Endosome, Magnesium, Alternative splicing, Cell projection, Cell membrane, Acetylation, Isopeptide bond, Myogenesis, Ubl conjugation","Receptors","Integrin;Other_receptors","Adhesion receptor","","True","CellChatDB v1"
857,"ANGPTL4_CDH5","ANGPTL4_CDH5","ANGPTL","ANGPTL4","CDH5","","","","","PMID: 30049845","Secreted Signaling","ANGPTL4 - CDH5","False","ANGPTL4","","Extracellular matrix, Secreted, Extracellular space","Coiled coil, Signal, Reference proteome, Extracellular matrix, Disulfide bond, Secreted, Lipid metabolism, Direct protein sequencing, Angiogenesis, Alternative splicing, 3D-structure, Glycoprotein","","","CDH5","","Cell membrane, Cell junction","Membrane, Transmembrane, Alternative splicing, Glycoprotein, Signal, Reference proteome, Metal-binding, Transmembrane helix, Phosphoprotein, Cell membrane, Direct protein sequencing, Calcium, Cleavage on pair of basic residues, Cell junction, Cell adhesion, Repeat","Miscellaneous","CadherinClassic;StructuralAndAdhesion","","","True","CellChatDB v1"
858,"ANGPTL4_CDH11","ANGPTL4_CDH11","ANGPTL","ANGPTL4","CDH11","","","","","PMID: 30049845","Secreted Signaling","ANGPTL4 - CDH11","False","ANGPTL4","","Extracellular matrix, Secreted, Extracellular space","Coiled coil, Signal, Reference proteome, Extracellular matrix, Disulfide bond, Secreted, Lipid metabolism, Direct protein sequencing, Angiogenesis, Alternative splicing, 3D-structure, Glycoprotein","","","CDH11","","Cell membrane","Membrane, Intellectual disability, Transmembrane, Alternative splicing, Deafness, Glycoprotein, Disease variant, Chromosomal rearrangement, Signal, Reference proteome, Metal-binding, Transmembrane helix, Phosphoprotein, Cell membrane, Calcium, Cleavage on pair of basic residues, Cell adhesion, Repeat","Miscellaneous","CadherinClassic;StructuralAndAdhesion","","","","CellChatDB v1"
1087,"ANXA1_FPR1","ANXA1_FPR1","ANNEXIN","ANXA1","FPR1","","","","","PMID: 23230437","Secreted Signaling","ANXA1 - FPR1","False","ANXA1","Annexin","Apical cell membrane, Membrane, Secretory vesicle lumen, Cell projection, Cell membrane, Endosome membrane, Cytoplasmic vesicle, Lateral cell membrane, Cytoplasm, Nucleus, Cytoplasmic vesicle membrane, Phagocytic cup, Extracellular exosome, Basolateral cell membrane, Secreted, Cilium, Early endosome, Extracellular space","Immunity, Membrane, Pharmaceutical, Secreted, Disulfide bond, Cytoplasm, Repeat, Cytoplasmic vesicle, Adaptive immunity, Cilium, Phospholipase A2 inhibitor, Annexin, Cell projection, Inflammatory response, Reference proteome, Metal-binding, Innate immunity, Cell membrane, Nucleus, Phosphoprotein, Direct protein sequencing, Calcium, Isopeptide bond, 3D-structure, Calcium/phospholipid-binding, Endosome, Acetylation, Ubl conjugation","secreted","False","FPR1","G-protein coupled receptor 1","Cell membrane","Transducer, Membrane, Reference proteome, Cell membrane, Transmembrane helix, Disulfide bond, Phosphoprotein, Transmembrane, Receptor, Chemotaxis, G-protein coupled receptor, 3D-structure, Glycoprotein","Receptors","GPCR;Rhodopsin","","","True","CellChatDB v1"
850,"ANGPTL2_ITGA5_ITGB1","ANGPTL2_ITGA5_ITGB1","ANGPTL","ANGPTL2","ITGA5_ITGB1","","","","","PMID: 24478758","Secreted Signaling","ANGPTL2 - (ITGA5+ITGB1)","False","ANGPTL2","","Secreted","Coiled coil, Signal, Reference proteome, Disulfide bond, Secreted, Alternative splicing, 3D-structure, Glycoprotein","","","ITGA5, ITGB1","Integrin alpha chain, Integrin beta chain","Focal adhesion, Cell surface, Membrane, Cell junction, Ruffle membrane, Melanosome, Ruffle, Cell projection, Cleavage furrow, Recycling endosome, Invadopodium membrane, Lamellipodium, Cell membrane","Membrane, Host-virus interaction, Disulfide bond, Transmembrane, Host cell receptor for virus entry, Receptor, Glycoprotein, Signal, Reference proteome, Integrin, Metal-binding, Transmembrane helix, Phosphoprotein, Direct protein sequencing, Calcium, Cleavage on pair of basic residues, 3D-structure, Cell junction, Cell adhesion, Repeat, Endosome, Magnesium, Alternative splicing, Cell projection, Cell membrane, Acetylation, Isopeptide bond, Myogenesis, Ubl conjugation","Receptors","Integrin;Other_receptors","Adhesion receptor","","True","CellChatDB v1"
1083,"ADM_CALCR","ADM_CALCR","CALCR","ADM","CALCR","","","","","KEGG: hsa04080","Secreted Signaling","ADM - CALCR","False","ADM","Adrenomedullin","Secreted","Signal, Reference proteome, Disulfide bond, Secreted, Amidation, Direct protein sequencing, Cleavage on pair of basic residues, 3D-structure, Hormone","hormone","False","CALCR","G-protein coupled receptor 2","Cell membrane","Transducer, Membrane, Signal, Reference proteome, Cell membrane, Transmembrane helix, Disulfide bond, Transmembrane, Alternative promoter usage, Direct protein sequencing, Receptor, Alternative splicing, G-protein coupled receptor, 3D-structure, Glycoprotein","Receptors","GPCR;Secretin","","","True","CellChatDB v1"
1084,"ADM_CALCRL","ADM_CALCRL","CALCR","ADM","CALCRL","","","","","KEGG: hsa04080","Secreted Signaling","ADM - CALCRL","False","ADM","Adrenomedullin","Secreted","Signal, Reference proteome, Disulfide bond, Secreted, Amidation, Direct protein sequencing, Cleavage on pair of basic residues, 3D-structure, Hormone","hormone","False","CALCRL","G-protein coupled receptor 2","Cell membrane","Transducer, Disease variant, Membrane, Signal, Reference proteome, Cell membrane, Transmembrane helix, Disulfide bond, Phosphoprotein, Transmembrane, Direct protein sequencing, Receptor, G-protein coupled receptor, 3D-structure, Glycoprotein","Receptors","GPCR;Secretin","","","True","CellChatDB v1"
741,"IL6_IL6R_IL6ST","IL6_IL6R_IL6ST","IL6","IL6","IL6R_IL6ST","","","","","KEGG: hsa04060","Secreted Signaling","IL6 - (IL6R+IL6ST)","False","IL6","IL-6","Secreted","Signal, Reference proteome, Disulfide bond, Acute phase, Secreted, Phosphoprotein, Growth factor, Direct protein sequencing, 3D-structure, Cytokine, Glycoprotein","cytokine;growth factor","False","IL6ST, IL6R","Type I cytokine receptor","Cell membrane, Secreted","Membrane, Host-virus interaction, Disulfide bond, Secreted, Transmembrane, Receptor, Alternative splicing, Glycoprotein, Disease variant, Signal, Reference proteome, Immunoglobulin domain, Cell membrane, Transmembrane helix, Phosphoprotein, Direct protein sequencing, 3D-structure, Repeat","Receptors","CytokineR;IG;Type1","","cytokine","True","CellChatDB v1"
